{"name":"6ab7f65b-dda0-4db2-bdf9-52f2e665716d","id":"/providers/Microsoft.Flow/flows/6ab7f65b-dda0-4db2-bdf9-52f2e665716d","type":"Microsoft.Flow/flows","properties":{"apiId":"/providers/Microsoft.PowerApps/apis/shared_logicflows","displayName":"Quiz Result Send Feedback","definition":{"metadata":{"workflowEntityId":null,"flowclientsuspensionreason":"None","flowclientsuspensiontime":null,"creator":{"id":"4d7a6b44-bd47-457e-bfa8-082b5cb7ba55","type":"User","tenantId":"52d4bd92-66fd-4d52-a33b-60335c691f36"},"provisioningMethod":"FromDefinition","failureAlertSubscription":true,"clientLastModifiedTime":"2020-08-24T23:59:28.5231173Z"},"$schema":"https://schema.management.azure.com/providers/Microsoft.Logic/schemas/2016-06-01/workflowdefinition.json#","contentVersion":"1.0.0.0","parameters":{"$connections":{"defaultValue":{},"type":"Object"},"$authentication":{"defaultValue":{},"type":"SecureObject"}},"triggers":{"When_a_new_response_is_submitted":{"splitOn":"@triggerOutputs()?['body/value']","type":"OpenApiConnectionWebhook","inputs":{"host":{"apiId":"/providers/Microsoft.PowerApps/apis/shared_microsoftforms","connectionName":"shared_microsoftforms","operationId":"CreateFormWebhook"},"parameters":{"form_id":"kr3UUv1mUk2jO2AzXGkfNkRrek1HvX5Fv6gIK1y3ulVUNlpNRk9PTUgyR09YNDMxSkJTVEhZWEQyVi4u"},"authentication":"@parameters('$authentication')"}}},"actions":{"Get_response_details":{"runAfter":{},"type":"OpenApiConnection","inputs":{"host":{"apiId":"/providers/Microsoft.PowerApps/apis/shared_microsoftforms","connectionName":"shared_microsoftforms","operationId":"GetFormResponseById"},"parameters":{"form_id":"kr3UUv1mUk2jO2AzXGkfNkRrek1HvX5Fv6gIK1y3ulVUNlpNRk9PTUgyR09YNDMxSkJTVEhZWEQyVi4u","response_id":"@triggerOutputs()?['body/resourceData/responseId']"},"authentication":"@parameters('$authentication')"}},"Initialize_score":{"runAfter":{"Get_response_details":["Succeeded"]},"type":"InitializeVariable","inputs":{"variables":[{"name":"Score","type":"integer","value":0}]}},"Increment_score_-_Q1":{"runAfter":{"Initialize_score":["Succeeded"]},"type":"IncrementVariable","inputs":{"name":"Score","value":"@if(equals( outputs('Get_response_details')?['body/reb64cff54cf64bc28298cc6fd2412e23'], 'False'),10,0)"}},"Increment_score_-_Q2":{"runAfter":{"Increment_score_-_Q1":["Succeeded"]},"type":"IncrementVariable","inputs":{"name":"Score","value":"@if(equals( outputs('Get_response_details')?['body/rce799e3d068247b29c25b824f684e554'],'True'),10,0)"}},"Increment_score_-_Q3":{"runAfter":{"Increment_score_-_Q2":["Succeeded"]},"type":"IncrementVariable","inputs":{"name":"Score","value":"@if(equals(outputs('Get_response_details')?['body/r490fd28a754a490eb1ec9be188dcc8a1'], 'True'),10,0)"}},"Increment_score_-_Q4":{"runAfter":{"Increment_score_-_Q3":["Succeeded"]},"type":"IncrementVariable","inputs":{"name":"Score","value":"@if(equals(outputs('Get_response_details')?['body/r2d5c47b442d646efb2eb8253f2a9fcc9'], 'True'),10,0   )"}},"Increment_score_-_Q5":{"runAfter":{"Increment_score_-_Q4":["Succeeded"]},"type":"IncrementVariable","inputs":{"name":"Score","value":"@if(equals(outputs('Get_response_details')?['body/rb1675b365a374eb6aa191b84960b1a74'],'Russia'),10,0 )"}},"Send_an_email_notification_(V3)":{"runAfter":{"Initialize_feeback":["Succeeded"]},"type":"OpenApiConnection","inputs":{"host":{"apiId":"/providers/Microsoft.PowerApps/apis/shared_sendmail","connectionName":"shared_sendmail","operationId":"SendEmailV3"},"parameters":{"request/to":"Vikash.Singh@Stalione.com;","request/subject":"Quiz Feedback","request/text":"<p>Hi,<br>\n<br>\nHere is your result of the quiz:<br>\nScore: @{string(variables('Score'))}<br>\nFeedback: @{if(greaterOrEquals(variables('Score'),40),'Good Work',if(greaterOrEquals(variables('Score'),20),'Satisfactory', 'Unsatisfactory'))}<br>\n</p>"},"authentication":"@parameters('$authentication')"}},"Initialize_feeback":{"runAfter":{"Increment_score_-_Q5":["Succeeded"]},"type":"InitializeVariable","inputs":{"variables":[{"name":"Feedback","type":"string"}]}}}},"connectionReferences":{"shared_microsoftforms":{"connectionName":"shared-microsoftform-cf3517aa-4846-40df-a921-b6e3c1c29f7e","source":"Embedded","id":"/providers/Microsoft.PowerApps/apis/shared_microsoftforms","tier":"NotSpecified"},"shared_sendmail":{"connectionName":"shared-sendmail-50940588-cb8e-4157-acd3-7a731d02e9a0","source":"Embedded","id":"/providers/Microsoft.PowerApps/apis/shared_sendmail","tier":"NotSpecified"}},"flowFailureAlertSubscribed":false}}