{"name":"9b4678d3-173e-42eb-bd2e-c2c6f3e41bfe","id":"/providers/Microsoft.Flow/flows/9b4678d3-173e-42eb-bd2e-c2c6f3e41bfe","type":"Microsoft.Flow/flows","properties":{"apiId":"/providers/Microsoft.PowerApps/apis/shared_logicflows","displayName":"Quiz Result update SharePoint List","definition":{"metadata":{"workflowEntityId":null,"flowclientsuspensionreason":"None","flowclientsuspensiontime":null,"creator":{"id":"4d7a6b44-bd47-457e-bfa8-082b5cb7ba55","type":"User","tenantId":"52d4bd92-66fd-4d52-a33b-60335c691f36"},"provisioningMethod":"FromDefinition","failureAlertSubscription":true,"clientLastModifiedTime":"2020-08-24T23:42:46.1278585Z"},"$schema":"https://schema.management.azure.com/providers/Microsoft.Logic/schemas/2016-06-01/workflowdefinition.json#","contentVersion":"1.0.0.0","parameters":{"$connections":{"defaultValue":{},"type":"Object"},"$authentication":{"defaultValue":{},"type":"SecureObject"}},"triggers":{"When_a_new_response_is_submitted":{"splitOn":"@triggerOutputs()?['body/value']","type":"OpenApiConnectionWebhook","inputs":{"host":{"apiId":"/providers/Microsoft.PowerApps/apis/shared_microsoftforms","connectionName":"shared_microsoftforms","operationId":"CreateFormWebhook"},"parameters":{"form_id":"kr3UUv1mUk2jO2AzXGkfNkRrek1HvX5Fv6gIK1y3ulVUNlpNRk9PTUgyR09YNDMxSkJTVEhZWEQyVi4u"},"authentication":"@parameters('$authentication')"}}},"actions":{"Get_response_details":{"runAfter":{},"type":"OpenApiConnection","inputs":{"host":{"apiId":"/providers/Microsoft.PowerApps/apis/shared_microsoftforms","connectionName":"shared_microsoftforms","operationId":"GetFormResponseById"},"parameters":{"form_id":"kr3UUv1mUk2jO2AzXGkfNkRrek1HvX5Fv6gIK1y3ulVUNlpNRk9PTUgyR09YNDMxSkJTVEhZWEQyVi4u","response_id":"@triggerOutputs()?['body/resourceData/responseId']"},"authentication":"@parameters('$authentication')"}},"Create_item":{"runAfter":{"Increment_variable_-_Q5":["Succeeded"]},"type":"OpenApiConnection","inputs":{"host":{"apiId":"/providers/Microsoft.PowerApps/apis/shared_sharepointonline","connectionName":"shared_sharepointonline","operationId":"PostItem"},"parameters":{"dataset":"https://stalione.sharepoint.com/sites/administrativeWorks","table":"e2620b4f-0675-4b76-96c3-7fe7af167515","item/Title":"@outputs('Get_response_details')?['body/responder']","item/Score":"@variables('Score')","item/OData__x0051_1":"@outputs('Get_response_details')?['body/r490fd28a754a490eb1ec9be188dcc8a1']","item/OData__x0051_2":"@outputs('Get_response_details')?['body/rce799e3d068247b29c25b824f684e554']","item/OData__x0051_3":"@outputs('Get_response_details')?['body/reb64cff54cf64bc28298cc6fd2412e23']","item/OData__x0051_4":"@outputs('Get_response_details')?['body/rb1675b365a374eb6aa191b84960b1a74']","item/OData__x0051_5":"@outputs('Get_response_details')?['body/r2d5c47b442d646efb2eb8253f2a9fcc9']"},"authentication":"@parameters('$authentication')"}},"Initialize_variable":{"runAfter":{"Get_response_details":["Succeeded"]},"type":"InitializeVariable","inputs":{"variables":[{"name":"Score","type":"integer","value":0}]}},"Increment_variable_-_Q1":{"runAfter":{"Initialize_variable":["Succeeded"]},"type":"IncrementVariable","inputs":{"name":"Score","value":"@if(equals( outputs('Get_response_details')?['body/reb64cff54cf64bc28298cc6fd2412e23'], 'False'),10,0)"}},"Increment_variable_-_Q2":{"runAfter":{"Increment_variable_-_Q1":["Succeeded"]},"type":"IncrementVariable","inputs":{"name":"Score","value":"@if(equals( outputs('Get_response_details')?['body/rce799e3d068247b29c25b824f684e554'],'True'),10,0)"}},"Increment_variable_-_Q3":{"runAfter":{"Increment_variable_-_Q2":["Succeeded"]},"type":"IncrementVariable","inputs":{"name":"Score","value":"@if(equals(outputs('Get_response_details')?['body/r490fd28a754a490eb1ec9be188dcc8a1'], 'True'),10,0)"}},"Increment_variable_-_Q4":{"runAfter":{"Increment_variable_-_Q3":["Succeeded"]},"type":"IncrementVariable","inputs":{"name":"Score","value":"@if(equals(outputs('Get_response_details')?['body/r2d5c47b442d646efb2eb8253f2a9fcc9'], 'True'),10,0   )"}},"Increment_variable_-_Q5":{"runAfter":{"Increment_variable_-_Q4":["Succeeded"]},"type":"IncrementVariable","inputs":{"name":"Score","value":"@if(equals(outputs('Get_response_details')?['body/rb1675b365a374eb6aa191b84960b1a74'],'Russia'),10,0 )"}},"Get_item":{"runAfter":{"Create_item":["Succeeded"]},"type":"OpenApiConnection","inputs":{"host":{"apiId":"/providers/Microsoft.PowerApps/apis/shared_sharepointonline","connectionName":"shared_sharepointonline","operationId":"GetItem"},"parameters":{"dataset":"https://stalione.sharepoint.com/sites/administrativeWorks","table":"e2620b4f-0675-4b76-96c3-7fe7af167515","id":"@outputs('Create_item')?['body/ID']"},"authentication":"@parameters('$authentication')"}},"Send_an_email_notification_(V3)":{"runAfter":{"Send_me_a_mobile_notification":["Succeeded"]},"type":"OpenApiConnection","inputs":{"host":{"apiId":"/providers/Microsoft.PowerApps/apis/shared_sendmail","connectionName":"shared_sendmail","operationId":"SendEmailV3"},"parameters":{"request/to":"Vikash.Singh@Stalione.com;","request/subject":"Result Available","request/text":"<p>Link: @{outputs('Get_item')?['body/{Link}']}</p>"},"authentication":"@parameters('$authentication')"}},"Send_me_a_mobile_notification":{"runAfter":{"Get_item":["Succeeded"]},"type":"OpenApiConnection","inputs":{"host":{"apiId":"/providers/Microsoft.PowerApps/apis/shared_flowpush","connectionName":"shared_flowpush","operationId":"SendNotification"},"parameters":{"NotificationDefinition/notificationText":"Results are available at @{outputs('Get_item')?['body/{Link}']}","NotificationDefinition/notificationLink/uri":"@outputs('Get_item')?['body/{Link}']","NotificationDefinition/notificationLink/label":"Result"},"authentication":"@parameters('$authentication')"}}}},"connectionReferences":{"shared_microsoftforms":{"connectionName":"shared-microsoftform-cf3517aa-4846-40df-a921-b6e3c1c29f7e","source":"Embedded","id":"/providers/Microsoft.PowerApps/apis/shared_microsoftforms","tier":"NotSpecified"},"shared_sharepointonline":{"connectionName":"shared-sharepointonl-e6732e1c-2678-45df-b243-b29d9d931431","source":"Embedded","id":"/providers/Microsoft.PowerApps/apis/shared_sharepointonline","tier":"NotSpecified"},"shared_sendmail":{"connectionName":"shared-sendmail-50940588-cb8e-4157-acd3-7a731d02e9a0","source":"Embedded","id":"/providers/Microsoft.PowerApps/apis/shared_sendmail","tier":"NotSpecified"},"shared_flowpush":{"connectionName":"shared-flowpush-2705993d-9833-4f5c-b5b3-6bfcc3abaad4","source":"Embedded","id":"/providers/Microsoft.PowerApps/apis/shared_flowpush","tier":"NotSpecified"}},"flowFailureAlertSubscribed":false}}