{"name":"196f8b25-b27a-43dd-b106-e3bdfbd22a27","id":"/providers/Microsoft.Flow/flows/196f8b25-b27a-43dd-b106-e3bdfbd22a27","type":"Microsoft.Flow/flows","properties":{"apiId":"/providers/Microsoft.PowerApps/apis/shared_logicflows","displayName":"New File Comparision _v2","definition":{"metadata":{"workflowEntityId":null,"flowclientsuspensionreason":"None","flowclientsuspensiontime":null,"creator":{"id":"4d7a6b44-bd47-457e-bfa8-082b5cb7ba55","type":"User","tenantId":"52d4bd92-66fd-4d52-a33b-60335c691f36"},"provisioningMethod":"FromDefinition","failureAlertSubscription":true,"clientLastModifiedTime":"2020-08-16T08:08:23.1434991Z"},"$schema":"https://schema.management.azure.com/providers/Microsoft.Logic/schemas/2016-06-01/workflowdefinition.json#","contentVersion":"1.0.0.0","parameters":{"$connections":{"defaultValue":{},"type":"Object"},"$authentication":{"defaultValue":{},"type":"SecureObject"}},"triggers":{"manual":{"type":"Request","kind":"Button","inputs":{"schema":{"type":"object","properties":{},"required":[]}}}},"actions":{"Get_tables":{"runAfter":{"Skip_Rows":["Succeeded"]},"metadata":{"017HXEQQX37LO26AEVEVCYQTFOT7H2ZQOQ":"/Test/airline_portcountry.xlsx","tableId":null,"017HXEQQSCVAYJR7OXQFA2ADXOSNNE6P2F":"/Test/airline_portcountry.xlsx"},"type":"OpenApiConnection","inputs":{"host":{"apiId":"/providers/Microsoft.PowerApps/apis/shared_excelonlinebusiness","connectionName":"shared_excelonlinebusiness","operationId":"GetTables"},"parameters":{"source":"sites/stalione.sharepoint.com,9392a0a2-140c-4b39-ae1f-73159599567e,a9d5d956-4312-48f3-aa82-d69086472be8","drive":"b!oqCSkwwUOUuuH3MVlZlWflbZ1akSQ_NIqoLWkIZHK-gDWVvRWT8pTKrTIwVMVkjB","file":"017HXEQQSCVAYJR7OXQFA2ADXOSNNE6P2F"},"authentication":{"value":"@json(decodeBase64(triggerOutputs().headers['X-MS-APIM-Tokens']))['$ConnectionKey']","type":"Raw"}}},"Create_CSV_table":{"runAfter":{"Do_until":["Succeeded"]},"type":"Table","inputs":{"from":"@outputs('List_rows_present_in_a_table')?['body/value']","format":"CSV","columns":[{"header":"Month","value":"@item()?['Month']"},{"header":"Airline","value":"@item()?['Airline']"},{"header":"Port_Country","value":"@item()?['Port_Country']"},{"header":"Passenge_in","value":"@item()?['Passengers_In']"},{"header":"Freight_in","value":"@item()?['Freight_In_(tonnes)']"},{"header":"Mail_in","value":"@item()?['Mail_In_(tonnes)']"},{"header":"Passengers_out","value":"@item()?['Passengers_Out']"},{"header":"Freight_out","value":"@item()?['Freight_Out_(tonnes)']"},{"header":"Mail_out","value":"@item()?['Mail_Out_(tonnes)']"},{"header":"Year","value":"@item()?['Year']"},{"header":"Month_number","value":"@item()?['Month_num']"}]}},"Apply_to_each":{"foreach":"@outputs('Get_tables')?['body/value']","actions":{},"runAfter":{"Create_CSV_table":["Succeeded"]},"type":"Foreach"},"Get_tables_2":{"runAfter":{"Skip_Rows_2":["Succeeded"]},"metadata":{"017HXEQQVJZ2F4IRNWWBGLUJNSVXFVDQI5":"/Test/airline_portcountry - Copy.xlsx","tableId":null,"017HXEQQRBDKIIODX4XRHKNPPPY7MFRCDQ":"/Test/airline_portcountry - Copy.xlsx"},"type":"OpenApiConnection","inputs":{"host":{"apiId":"/providers/Microsoft.PowerApps/apis/shared_excelonlinebusiness","connectionName":"shared_excelonlinebusiness","operationId":"GetTables"},"parameters":{"source":"sites/stalione.sharepoint.com,9392a0a2-140c-4b39-ae1f-73159599567e,a9d5d956-4312-48f3-aa82-d69086472be8","drive":"b!oqCSkwwUOUuuH3MVlZlWflbZ1akSQ_NIqoLWkIZHK-gDWVvRWT8pTKrTIwVMVkjB","file":"017HXEQQRBDKIIODX4XRHKNPPPY7MFRCDQ"},"authentication":{"value":"@json(decodeBase64(triggerOutputs().headers['X-MS-APIM-Tokens']))['$ConnectionKey']","type":"Raw"}}},"Create_CSV_table_2":{"runAfter":{"Do_until_2":["Succeeded"]},"type":"Table","inputs":{"from":"@outputs('List_rows_present_in_a_table_2')?['body/value']","format":"CSV","columns":[{"header":"Month","value":"@item()?['Month']"},{"header":"Airline","value":"@item()?['Airline']"},{"header":"Port_Country","value":"@item()?['Port_Country']"},{"header":"Passenge_in","value":"@item()?['Passengers_In']"},{"header":"Freight_in","value":"@item()?['Freight_In_(tonnes)']"},{"header":"Mail_in","value":"@item()?['Mail_In_(tonnes)']"},{"header":"Passengers_out","value":"@item()?['Passengers_Out']"},{"header":"Freight_out","value":"@item()?['Freight_Out_(tonnes)']"},{"header":"Mail_out","value":"@item()?['Mail_Out_(tonnes)']"},{"header":"Year","value":"@item()?['Year']"},{"header":"Month_number","value":"@item()?['Month_num']"}]}},"Apply_to_each_2":{"foreach":"@outputs('Get_tables_2')?['body/value']","actions":{},"runAfter":{"Create_CSV_table_2":["Succeeded"]},"type":"Foreach"},"Send_an_email_notification_(V3)":{"runAfter":{"Apply_to_each":["Succeeded"],"Apply_to_each_2":["Succeeded"]},"type":"OpenApiConnection","inputs":{"host":{"apiId":"/providers/Microsoft.PowerApps/apis/shared_sendmail","connectionName":"shared_sendmail","operationId":"SendEmailV3"},"parameters":{"request/to":"Vikash.Singh3@gmail.com","request/subject":"File Comparision","request/text":"<p>Final Comparision Result: &nbsp;@{if(equals(body('Create_CSV_table'), body('Create_CSV_table_2')), 'Matching', 'Mismatch')}</p>"},"authentication":{"value":"@json(decodeBase64(triggerOutputs().headers['X-MS-APIM-Tokens']))['$ConnectionKey']","type":"Raw"}}},"Pending":{"runAfter":{},"type":"InitializeVariable","inputs":{"variables":[{"name":"isPending","type":"boolean","value":"@true"}]}},"Skip_Rows":{"runAfter":{"Pending":["Succeeded"]},"type":"InitializeVariable","inputs":{"variables":[{"name":"skipRows","type":"integer","value":0}]}},"Do_until":{"actions":{"List_rows_present_in_a_table":{"runAfter":{},"metadata":{"017HXEQQX37LO26AEVEVCYQTFOT7H2ZQOQ":"/Test/airline_portcountry.xlsx","tableId":"{00000000-000C-0000-FFFF-FFFF00000000}","017HXEQQSCVAYJR7OXQFA2ADXOSNNE6P2F":"/Test/airline_portcountry.xlsx"},"type":"OpenApiConnection","inputs":{"host":{"apiId":"/providers/Microsoft.PowerApps/apis/shared_excelonlinebusiness","connectionName":"shared_excelonlinebusiness","operationId":"GetItems"},"parameters":{"source":"sites/stalione.sharepoint.com,9392a0a2-140c-4b39-ae1f-73159599567e,a9d5d956-4312-48f3-aa82-d69086472be8","drive":"b!oqCSkwwUOUuuH3MVlZlWflbZ1akSQ_NIqoLWkIZHK-gDWVvRWT8pTKrTIwVMVkjB","file":"017HXEQQSCVAYJR7OXQFA2ADXOSNNE6P2F","table":"{00000000-000C-0000-FFFF-FFFF00000000}","$top":5000,"$skip":"@variables('skipRows')"},"authentication":{"value":"@json(decodeBase64(triggerOutputs().headers['X-MS-APIM-Tokens']))['$ConnectionKey']","type":"Raw"}},"runtimeConfiguration":{"paginationPolicy":{"minimumItemCount":5000}}},"Condition":{"actions":{"Set_variable":{"runAfter":{},"type":"SetVariable","inputs":{"name":"isPending","value":"@false"}}},"runAfter":{"List_rows_present_in_a_table":["Succeeded"]},"expression":{"less":["@length(body('List_rows_present_in_a_table')?['value'])",5000]},"type":"If"},"Apply_to_each_3":{"foreach":"@outputs('List_rows_present_in_a_table')?['body/value']","actions":{},"runAfter":{"Condition":["Succeeded"]},"type":"Foreach"},"Increment_variable":{"runAfter":{"Apply_to_each_3":["Succeeded"]},"type":"IncrementVariable","inputs":{"name":"skipRows","value":5000}}},"runAfter":{"Get_tables":["Succeeded"]},"expression":"@equals(variables('isPending'), false)","limit":{"count":5000,"timeout":"PT1H"},"type":"Until"},"Pending_2":{"runAfter":{},"type":"InitializeVariable","inputs":{"variables":[{"name":"isPending_2","type":"boolean","value":"@true"}]}},"Skip_Rows_2":{"runAfter":{"Pending_2":["Succeeded"]},"type":"InitializeVariable","inputs":{"variables":[{"name":"skipRows_2","type":"integer","value":0}]}},"Do_until_2":{"actions":{"List_rows_present_in_a_table_2":{"runAfter":{},"metadata":{"017HXEQQVJZ2F4IRNWWBGLUJNSVXFVDQI5":"/Test/airline_portcountry - Copy.xlsx","tableId":"{00000000-000C-0000-FFFF-FFFF00000000}","017HXEQQRBDKIIODX4XRHKNPPPY7MFRCDQ":"/Test/airline_portcountry - Copy.xlsx"},"type":"OpenApiConnection","inputs":{"host":{"apiId":"/providers/Microsoft.PowerApps/apis/shared_excelonlinebusiness","connectionName":"shared_excelonlinebusiness","operationId":"GetItems"},"parameters":{"source":"sites/stalione.sharepoint.com,9392a0a2-140c-4b39-ae1f-73159599567e,a9d5d956-4312-48f3-aa82-d69086472be8","drive":"b!oqCSkwwUOUuuH3MVlZlWflbZ1akSQ_NIqoLWkIZHK-gDWVvRWT8pTKrTIwVMVkjB","file":"017HXEQQRBDKIIODX4XRHKNPPPY7MFRCDQ","table":"{00000000-000C-0000-FFFF-FFFF00000000}","$top":5000,"$skip":"@variables('skipRows_2')"},"authentication":{"value":"@json(decodeBase64(triggerOutputs().headers['X-MS-APIM-Tokens']))['$ConnectionKey']","type":"Raw"}},"runtimeConfiguration":{"paginationPolicy":{"minimumItemCount":5000}}},"Condition_2":{"actions":{"Set_variable_2":{"runAfter":{},"type":"SetVariable","inputs":{"name":"isPending_2","value":"@false"}}},"runAfter":{"List_rows_present_in_a_table_2":["Succeeded"]},"expression":{"less":["@length(body('List_rows_present_in_a_table_2')?['value'])",5000]},"type":"If"},"Apply_to_each_4":{"foreach":"@outputs('List_rows_present_in_a_table_2')?['body/value']","actions":{},"runAfter":{"Condition_2":["Succeeded"]},"type":"Foreach"},"Increment_variable_2":{"runAfter":{"Apply_to_each_4":["Succeeded"]},"type":"IncrementVariable","inputs":{"name":"skipRows_2","value":5000}}},"runAfter":{"Get_tables_2":["Succeeded"]},"expression":"@equals(variables('isPending_2'), false)","limit":{"count":5000,"timeout":"PT1H"},"type":"Until"}}},"connectionReferences":{"shared_excelonlinebusiness":{"connectionName":"shared-excelonlinebu-d9667511-0558-4df1-a90c-f45a0332bf1c","source":"Invoker","id":"/providers/Microsoft.PowerApps/apis/shared_excelonlinebusiness","tier":"NotSpecified"},"shared_sendmail":{"connectionName":"shared-sendmail-50940588-cb8e-4157-acd3-7a731d02e9a0","source":"Invoker","id":"/providers/Microsoft.PowerApps/apis/shared_sendmail","tier":"NotSpecified"}},"flowFailureAlertSubscribed":false}}