{"name":"3986742a-997c-4a6d-918e-8d0f745eb2f6","id":"/providers/Microsoft.Flow/flows/3986742a-997c-4a6d-918e-8d0f745eb2f6","type":"Microsoft.Flow/flows","properties":{"apiId":"/providers/Microsoft.PowerApps/apis/shared_logicflows","displayName":"Reply Based on Text","definition":{"metadata":{"workflowEntityId":null,"flowclientsuspensionreason":"None","flowclientsuspensiontime":null,"creator":{"id":"4d7a6b44-bd47-457e-bfa8-082b5cb7ba55","type":"User","tenantId":"52d4bd92-66fd-4d52-a33b-60335c691f36"},"provisioningMethod":"FromDefinition","failureAlertSubscription":true,"clientLastModifiedTime":"2020-08-16T12:03:45.5108617Z"},"$schema":"https://schema.management.azure.com/providers/Microsoft.Logic/schemas/2016-06-01/workflowdefinition.json#","contentVersion":"1.0.0.0","parameters":{"$connections":{"defaultValue":{},"type":"Object"},"$authentication":{"defaultValue":{},"type":"SecureObject"}},"triggers":{"When_a_new_email_arrives_(V3)":{"splitOn":"@triggerOutputs()?['body/value']","type":"OpenApiConnectionNotification","inputs":{"host":{"apiId":"/providers/Microsoft.PowerApps/apis/shared_office365","connectionName":"shared_office365","operationId":"OnNewEmailV3"},"parameters":{"folderPath":"Inbox","includeAttachments":false,"importance":"Any","fetchOnlyWithAttachment":false},"authentication":"@parameters('$authentication')"}}},"actions":{"Reply_to_email_(V3)":{"runAfter":{},"type":"OpenApiConnection","inputs":{"host":{"apiId":"/providers/Microsoft.PowerApps/apis/shared_office365","connectionName":"shared_office365","operationId":"ReplyToV3"},"parameters":{"messageId":"@triggerOutputs()?['body/id']","replyParameters/Body":"<p>Hi there!<br>\n<br>\nThank you for your email.<br>\n@{if(or(contains(tolower(triggerOutputs()?['body/subject']), 'covid'),\r\ncontains(tolower(triggerOutputs()?['body/body']), 'covid')), 'For more information regarding COVID-19, please visit https://www.who.int/emergencies/diseases/novel-coronavirus-2019',\r\nif(or(contains(tolower(triggerOutputs()?['body/subject']), 'automate'),\r\ncontains(tolower(triggerOutputs()?['body/body']), 'automate')), 'For more information regarding Power Automate, please visit https://australia.flow.microsoft.com/en-us/', 'We will get back to you soon'))}<br>\n<br>\nRegards,<br>\nXYZ<br>\n</p>"},"authentication":"@parameters('$authentication')"}}},"outputs":{}},"connectionReferences":{"shared_office365":{"connectionName":"shared-office365-f439acfc-6c31-4d4d-8399-5ba2db8bd5d3","source":"Embedded","id":"/providers/Microsoft.PowerApps/apis/shared_office365","tier":"NotSpecified"}},"flowFailureAlertSubscribed":false}}